{
  "countries": [
    {
      "code": "+7840",
      "name": "Abkhazia",
	  "DisplayName": "+7840 - Abkhazia"
    },
    {
      "code": "+93",
      "name": "Afghanistan",
	  "DisplayName": "+93 - Afghanistan"
    },
    {
      "code": "+355",
      "name": "Albania",
	  "DisplayName": "+355 - Albania"
    },
    {
      "code": "+213",
      "name": "Algeria",
	  "DisplayName": "+213 - Algeria"
    },
    {
      "code": "+1684",
      "name": "American Samoa",
	  "DisplayName": "+1684 - American Samoa"
    },
    {
      "code": "+376",
      "name": "Andorra",
	  "DisplayName": "+376 - Andorra"
    },
    {
      "code": "+244",
      "name": "Angola",
	  "DisplayName": "+244 - Angola"
    },
    {
      "code": "+1264",
      "name": "Anguilla",
	  "DisplayName": "+1264 - Anguilla"
    },
    {
      "code": "+1268",
      "name": "Antigua and Barbuda",
	  "DisplayName": "+1268 - Antigua and Barbuda"
    },
    {
      "code": "+54",
      "name": "Argentina",
	  "DisplayName": "+54 - Argentina"
    },
    {
      "code": "+374",
      "name": "Armenia",
	  "DisplayName": "+374 - Armenia"
    },
    {
      "code": "+297",
      "name": "Aruba",
	  "DisplayName": "+297 - Aruba"
    },
    {
      "code": "+247",
      "name": "Ascension",
	  "DisplayName": "+247 - Ascension"
    },
    {
      "code": "+61",
      "name": "Australia",
	   "DisplayName": "+61 - Australia"
    },
    {
      "code": "+672",
      "name": "Australian External Territories",
	  "DisplayName": "+672 - Australian External Territories"
    },
    {
      "code": "+43",
      "name": "Austria",
	   "DisplayName": "+43 - Austria"
    },
    {
      "code": "+994",
      "name": "Azerbaijan",
	  "DisplayName": "+994 - Azerbaijan"
    },
    {
      "code": "+1242",
      "name": "Bahamas",
	  "DisplayName": "+1242 - Bahamas"
    },
    {
      "code": "+973",
      "name": "Bahrain",
	  "DisplayName": "+973 - Bahrain"
    },
    {
      "code": "+880",
      "name": "Bangladesh",
	   "DisplayName": "+880 - Bangladesh"
    },
    {
      "code": "+1246",
      "name": "Barbados",
	  "DisplayName": "+1246 - Barbados"
    },
    {
      "code": "+1268",
      "name": "Barbuda",
	  "DisplayName": "+1268 - Barbuda"
    },
    {
      "code": "+375",
      "name": "Belarus",
	   "DisplayName": "+375 - Belarus"
    },
    {
      "code": "+32",
      "name": "Belgium",
	  "DisplayName": "+32 - Belgium"
    },
    {
      "code": "+501",
      "name": "Belize",
	  "DisplayName": "+501 - Belize"
    },
    {
      "code": "+229",
      "name": "Benin",
	  "DisplayName": "+229 - Benin"
    },
    {
      "code": "+1441",
      "name": "Bermuda",
	  "DisplayName": "+1441 - Bermuda"
    },
    {
      "code": "+975",
      "name": "Bhutan",
	   "DisplayName": "+975 - Bhutan"
    },
    {
      "code": "+591",
      "name": "Bolivia",
	   "DisplayName": "+591 - Bolivia"
    },
    {
      "code": "+387",
      "name": "Bosnia and Herzegovina",
	   "DisplayName": "+387 - Bosnia and Herzegovina"
    },
    {
      "code": "+267",
      "name": "Botswana",
	   "DisplayName": "+267 - Botswana"
    },
    {
      "code": "+55",
      "name": "Brazil",
	   "DisplayName": "+55 - Brazil"
    },
    {
      "code": "+246",
      "name": "British Indian Ocean Territory",
	  "DisplayName": "+246 - British Indian Ocean Territory"
    },
    {
      "code": "+1284",
      "name": "British Virgin Islands",
	   "DisplayName": "+1284 - British Virgin Islands"
    },
    {
      "code": "+673",
      "name": "Brunei",
	   "DisplayName": "+673 - Brunei"
    },
    {
      "code": "+359",
      "name": "Bulgaria",
	   "DisplayName": "+359 - Bulgaria"
    },
    {
      "code": "+226",
      "name": "Burkina Faso",
	  "DisplayName": "+226 - Burkina Faso"
    },
    {
      "code": "+257",
      "name": "Burundi",
	  "DisplayName": "+257 - Burundi"
    },
    {
      "code": "+855",
      "name": "Cambodia",
	  "DisplayName": "+855 - Cambodia"
    },
    {
      "code": "+237",
      "name": "Cameroon",
	  "DisplayName": "+237 - Cameroon"
    },
    {
      "code": "+1",
      "name": "Canada",
	  "DisplayName": "+1 - Canada"
    },
    {
      "code": "+238",
      "name": "Cape Verde",
	  "DisplayName": "+238 - Cape Verde"
    },
    {
      "code": "+345",
      "name": "Cayman Islands",
	  "DisplayName": "+345 - Cayman Islands"
    },
    {
      "code": "+236",
      "name": "Central African Republic",
	  "DisplayName": "+236 - Central African Republic"
    },
    {
      "code": "+235",
      "name": "Chad",
	   "DisplayName": "+235 - Chad"
    },
    {
      "code": "+56",
      "name": "Chile",
	   "DisplayName": "+56 - Chile"
    },
    {
      "code": "+86",
      "name": "China",
	  "DisplayName": "+86 - China"
    },
    {
      "code": "+61",
      "name": "Christmas Island",
	  "DisplayName": "+61 - Christmas Island"
    },
    {
      "code": "+61",
      "name": "Cocos-Keeling Islands",
	  "DisplayName": "+61 - Cocos-Keeling Islands"
    },
    {
      "code": "+57",
      "name": "Colombia",
	  "DisplayName": "+57 - Colombia"
    },
    {
      "code": "+269",
      "name": "Comoros",
	  "DisplayName": "+269 - Comoros"
    },
    {
      "code": "+242",
      "name": "Congo",
	  "DisplayName": "+242 - Congo"
    },
    {
      "code": "+243",
      "name": "Congo, Dem. Rep. of (Zaire)",
	  "DisplayName": "+243 - Congo, Dem. Rep. of (Zaire)"
    },
    {
      "code": "+682",
      "name": "Cook Islands",
	  "DisplayName": "+682 - Cook Islands"
    },
    {
      "code": "+506",
      "name": "Costa Rica",
	  "DisplayName": "+506 - Costa Rica"
    },
    {
      "code": "+385",
      "name": "Croatia",
	  "DisplayName": "+385 - Croatia"
    },
    {
      "code": "+53",
      "name": "Cuba",
	  "DisplayName": "+53 - Cuba"
    },
    {
      "code": "+599",
      "name": "Curacao",
	   "DisplayName": "+599 - Curacao"
    },
    {
      "code": "+537",
      "name": "Cyprus",
	 "DisplayName": "+537 - Cyprus"
    },
    {
      "code": "+420",
      "name": "Czech Republic",
	  "DisplayName": "+420 - Czech Republic"
    },
    {
      "code": "+45",
      "name": "Denmark",
	  "DisplayName": "+45 - Denmark"
    },
    {
      "code": "+246",
      "name": "Diego Garcia",
	  "DisplayName": "+246 - Diego Garcia"
    },
    {
      "code": "+253",
      "name": "Djibouti",
	  "DisplayName": "+253 - Djibouti"
    },
    {
      "code": "+1767",
      "name": "Dominica",
	  "DisplayName": "+1767 - Dominica"
    },
    {
      "code": "+1809",
      "name": "Dominican Republic",
	   "DisplayName": "+1809 - Dominican Republic"
    },
    {
      "code": "+670",
      "name": "East Timor",
	   "DisplayName": "+670 - East Timor"
    },
    {
      "code": "+56",
      "name": "Easter Island",
	  "DisplayName": "+56 - Easter Island"
    },
    {
      "code": "+593",
      "name": "Ecuador",
	  "DisplayName": "+593 - Ecuador"
    },
    {
      "code": "+20",
      "name": "Egypt",
	   "DisplayName": "+20 - Egypt"
    },
    {
      "code": "+503",
      "name": "El Salvador",
	  "DisplayName": "+503 - El Salvador"
    },
    {
      "code": "+240",
      "name": "Equatorial Guinea",
	  "DisplayName": "+240 - Equatorial Guinea"
    },
    {
      "code": "+291",
      "name": "Eritrea",
	   "DisplayName": "+291 - Eritrea"
    },
    {
      "code": "+372",
      "name": "Estonia",
	   "DisplayName": "+372 - Estonia"
    },
    {
      "code": "+251",
      "name": "Ethiopia",
	   "DisplayName": "+251 - Ethiopia"
    },
    {
      "code": "+500",
      "name": "Falkland Islands",
	   "DisplayName": "+500 - Falkland Islands"
    },
    {
      "code": "+298",
      "name": "Faroe Islands",
	   "DisplayName": "+298 - Faroe Islands"
    },
    {
      "code": "+679",
      "name": "Fiji",
	  "DisplayName": "+679 - Fiji"
    },
    {
      "code": "+358",
      "name": "Finland",
	   "DisplayName": "+358 - Finland"
    },
    {
      "code": "+33",
      "name": "France",
	   "DisplayName": "+33 - France"
    },
    {
      "code": "+596",
      "name": "French Antilles",
	   "DisplayName": "+596 - French Antilles"
    },
    {
      "code": "+594",
      "name": "French Guiana",
	  "DisplayName": "+v - French Guiana"
    },
    {
      "code": "+689",
      "name": "French Polynesia",
	  "DisplayName": "+689 - French Polynesia"
    },
    {
      "code": "+241",
      "name": "Gabon",
	  "DisplayName": "+241 - Gabon"
    },
    {
      "code": "+220",
      "name": "Gambia",
	  "DisplayName": "+220 - Gambia"
    },
    {
      "code": "+995",
      "name": "Georgia",
	   "DisplayName": "+995 - Georgia"
    },
    {
      "code": "+49",
      "name": "Germany",
	  "DisplayName": "+49 - Germany"
    },
    {
      "code": "+233",
      "name": "Ghana",
	  "DisplayName": "+233 - Ghana"
    },
    {
      "code": "+350",
      "name": "Gibraltar",
	  "DisplayName": "+350 - Gibraltar"
    },
    {
      "code": "+30",
      "name": "Greece",
	  "DisplayName": "+30 - Greece"
    },
    {
      "code": "+299",
      "name": "Greenland",
	  "DisplayName": "+299 - Greenland"
    },
    {
      "code": "+1473",
      "name": "Grenada",
	  "DisplayName": "+1473 - Grenada"
    },
    {
      "code": "+590",
      "name": "Guadeloupe",
	  "DisplayName": "+590 - Guadeloupe"
    },
    {
      "code": "+1671",
      "name": "Guam",
	  "DisplayName": "+1671 - Guam"
    },
    {
      "code": "+502",
      "name": "Guatemala",
	  "DisplayName": "+502 - Guatemala"
    },
    {
      "code": "+224",
      "name": "Guinea",
	   "DisplayName": "+224 - Guinea"
    },
    {
      "code": "+245",
      "name": "Guinea-Bissau",
	  "DisplayName": "+245 - Guinea-Bissau"
    },
    {
      "code": "+595",
      "name": "Guyana",
	  "DisplayName": "+595 - Guyana"
    },
    {
      "code": "+509",
      "name": "Haiti",
	  "DisplayName": "+509 - Haiti"
    },
    {
      "code": "+504",
      "name": "Honduras",
	   "DisplayName": "+504 - Honduras"
    },
    {
      "code": "+852",
      "name": "Hong Kong SAR China",
	  "DisplayName": "+852 - Hong Kong SAR China"
    },
    {
      "code": "+36",
      "name": "Hungary",
	   "DisplayName": "+36 - Hungary"
    },
    {
      "code": "+354",
      "name": "Iceland",
	  "DisplayName": "+354 - Iceland"
    },
    {
      "code": "+91",
      "name": "India",
	  "DisplayName": "+91 - India"
    },
    {
      "code": "+62",
      "name": "Indonesia",
	  "DisplayName": "+62 - Indonesia"
    },
    {
      "code": "+98",
      "name": "Iran",
	   "DisplayName": "+98 - Iran"
    },
    {
      "code": "+964",
      "name": "Iraq",
	  "DisplayName": "+964 - Iraq"
    },
    {
      "code": "+353",
      "name": "Ireland",
	   "DisplayName": "+353 - Ireland"
    },
    {
      "code": "+972",
      "name": "Israel",
	  "DisplayName": "+972 - Israel"
    },
    {
      "code": "+39",
      "name": "Italy",
	  "DisplayName": "+39 - Italy"
    },
    {
      "code": "+225",
      "name": "Ivory Coast",
	  "DisplayName": "+225 - Ivory Coast"
    },
    {
      "code": "+1876",
      "name": "Jamaica",
	   "DisplayName": "+1876 - Jamaica"
    },
    {
      "code": "+81",
      "name": "Japan",
	   "DisplayName": "+81 - Japan"
    },
    {
      "code": "+962",
      "name": "Jordan",
	  "DisplayName": "+962 - Jordan"
    },
    {
      "code": "+77",
      "name": "Kazakhstan",
	  "DisplayName": "+77 - Kazakhstan"
    },
    {
      "code": "+254",
      "name": "Kenya",
	  "DisplayName": "+254 - Kenya"
    },
    {
      "code": "+686",
      "name": "Kiribati",
	   "DisplayName": "+686 - Kiribati"
    },
    {
      "code": "+965",
      "name": "Kuwait",
	   "DisplayName": "+965 - Kuwait"
    },
    {
      "code": "+996",
      "name": "Kyrgyzstan",
	  "DisplayName": "+996 - Kyrgyzstan"
    },
    {
      "code": "+856",
      "name": "Laos",
	  "DisplayName": "+856 - Laos"
    },
    {
      "code": "+371",
      "name": "Latvia",
	  "DisplayName": "+371 - Latvia"
    },
    {
      "code": "+961",
      "name": "Lebanon",
	   "DisplayName": "+961 - Lebanon"
    },
    {
      "code": "+266",
      "name": "Lesotho",
	  "DisplayName": "+266 - Lesotho"
    },
    {
      "code": "+231",
      "name": "Liberia",
	  "DisplayName": "+231 - Liberia"
    },
    {
      "code": "+218",
      "name": "Libya",
	  "DisplayName": "+218 - Libya"
    },
    {
      "code": "+423",
      "name": "Liechtenstein",
	   "DisplayName": "+423 - Liechtenstein"
    },
    {
      "code": "+370",
      "name": "Lithuania",
	   "DisplayName": "+370 - Lithuania"
    },
    {
      "code": "+352",
      "name": "Luxembourg",
	   "DisplayName": "+352 - Luxembourg"
    },
    {
      "code": "+853",
      "name": "Macau SAR China",
	  "DisplayName": "+853 - Macau SAR China"
    },
    {
      "code": "+389",
      "name": "Macedonia",
	  "DisplayName": "+389 - Macedonia"
    },
    {
      "code": "+261",
      "name": "Madagascar",
	  "DisplayName": "+261 - Madagascar"
    },
    {
      "code": "+265",
      "name": "Malawi",
	   "DisplayName": "+265 - Malawi"
    },
    {
      "code": "+60",
      "name": "Malaysia",
	  "DisplayName": "+60 - Malaysia"
    },
    {
      "code": "+960",
      "name": "Maldives",
	  "DisplayName": "+960 - Maldives"
    },
    {
      "code": "+223",
      "name": "Mali",
	   "DisplayName": "+223 - Mali"
    },
    {
      "code": "+356",
      "name": "Malta",
	  "DisplayName": "+356 - Malta"
    },
    {
      "code": "+692",
      "name": "Marshall Islands",
	   "DisplayName": "+692 - Marshall Islands"
    },
    {
      "code": "+596",
      "name": "Martinique",
	  "DisplayName": "+596 - Martinique"
    },
    {
      "code": "+222",
      "name": "Mauritania",
	  "DisplayName": "+222 - Mauritania"
    },
    {
      "code": "+230",
      "name": "Mauritius",
	  "DisplayName": "+230 - Mauritius"
    },
    {
      "code": "+262",
      "name": "Mayotte",
	   "DisplayName": "+262 - Mayotte"
    },
    {
      "code": "+52",
      "name": "Mexico",
	   "DisplayName": "+52 - Mexico"
    },
    {
      "code": "+691",
      "name": "Micronesia",
	   "DisplayName": "+691 - Micronesia"
    },
    {
      "code": "+1808",
      "name": "Midway Island",
	  "DisplayName": "+1808 - Midway Island"
    },
    {
      "code": "+373",
      "name": "Moldova",
	  "DisplayName": "+373 - Moldova"
    },
    {
      "code": "+377",
      "name": "Monaco",
	  "DisplayName": "+377 - Monaco"
    },
    {
      "code": "+976",
      "name": "Mongolia",
	  "DisplayName": "+976 - Mongolia"
    },
    {
      "code": "+382",
      "name": "Montenegro",
	  "DisplayName": "+382 - Montenegro"
    },
    {
      "code": "+1664",
      "name": "Montserrat",
	  "DisplayName": "+1664 - Montserrat"
    },
    {
      "code": "+212",
      "name": "Morocco",
	  "DisplayName": "+212 - Morocco"
    },
    {
      "code": "+95",
      "name": "Myanmar",
	  "DisplayName": "+95 - Myanmar"
    },
    {
      "code": "+264",
      "name": "Namibia",
	  "DisplayName": "+264 - Namibia"
    },
    {
      "code": "+674",
      "name": "Nauru",
	   "DisplayName": "+674 - Nauru"
    },
    {
      "code": "+977",
      "name": "Nepal",
	   "DisplayName": "+977 - Nepal"
    },
    {
      "code": "+31",
      "name": "Netherlands",
	   "DisplayName": "+31 - Netherlands"
    },
    {
      "code": "+599",
      "name": "Netherlands Antilles",
	  "DisplayName": "+599 - Netherlands Antilles"
    },
    {
      "code": "+1869",
      "name": "Nevis",
	  "DisplayName": "+1869 - Nevis"
    },
    {
      "code": "+687",
      "name": "New Caledonia",
	  "DisplayName": "+687 - New Caledonia"
    },
    {
      "code": "+64",
      "name": "New Zealand",
	  "DisplayName": "+64 - New Zealand"
    },
    {
      "code": "+505",
      "name": "Nicaragua",
	  "DisplayName": "+505 - Nicaragua"
    },
    {
      "code": "+227",
      "name": "Niger",
	  "DisplayName": "+227 - Niger"
    },
    {
      "code": "+234",
      "name": "Nigeria",
	   "DisplayName": "+234 - Nigeria"
    },
    {
      "code": "+683",
      "name": "Niue",
	   "DisplayName": "+683 - Niue"
    },
    {
      "code": "+672",
      "name": "Norfolk Island",
	   "DisplayName": "+672 - Norfolk Island"
    },
    {
      "code": "+850",
      "name": "North Korea",
	  "DisplayName": "+850 - North Korea"
    },
    {
      "code": "+1670",
      "name": "Northern Mariana Islands",
	  "DisplayName": "+1670 - Northern Mariana Islands"
    },
    {
      "code": "+47",
      "name": "Norway",
	  "DisplayName": "+47 - Norway"
    },
    {
      "code": "+968",
      "name": "Oman",
	  "DisplayName": "+968 - Oman"
    },
    {
      "code": "+92",
      "name": "Pakistan",
	  "DisplayName": "+92 - Pakistan"
    },
    {
      "code": "+680",
      "name": "Palau",
	  "DisplayName": "+680 - Palau"
    },
    {
      "code": "+970",
      "name": "Palestinian Territory",
	   "DisplayName": "+970 - Palestinian Territory"
    },
    {
      "code": "+507",
      "name": "Panama",
	   "DisplayName": "+507 - Panama"
    },
    {
      "code": "+675",
      "name": "Papua New Guinea",
	  "DisplayName": "+675 - Papua New Guinea"
    },
    {
      "code": "+595",
      "name": "Paraguay",
	  "DisplayName": "+595 - Paraguay"
    },
    {
      "code": "+51",
      "name": "Peru",
	  "DisplayName": "+51 - Peru"
    },
    {
      "code": "+63",
      "name": "Philippines",
	  "DisplayName": "+63 - Philippines"
    },
    {
      "code": "+48",
      "name": "Poland",
	  "DisplayName": "+48 - Poland"
    },
    {
      "code": "+351",
      "name": "Portugal",
	  "DisplayName": "+351 - Portugal"
    },
    {
      "code": "+1787",
      "name": "Puerto Rico",
	  "DisplayName": "+1787 - Puerto Rico"
    },
    {
      "code": "+974",
      "name": "Qatar",
	  "DisplayName": "+974 - Qatar"
    },
    {
      "code": "+262",
      "name": "Reunion",
	  "DisplayName": "+262 - Reunion"
    },
    {
      "code": "+40",
      "name": "Romania",
	  "DisplayName": "+40 - Romania"
    },
    {
      "code": "+7",
      "name": "Russia",
	  "DisplayName": "+7 - Russia"
    },
    {
      "code": "+250",
      "name": "Rwanda",
	  "DisplayName": "+250 - Rwanda"
    },
    {
      "code": "+685",
      "name": "Samoa",
	   "DisplayName": "+685 - Samoa"
    },
    {
      "code": "+378",
      "name": "San Marino",
	  "DisplayName": "+378 - San Marino"
    },
    {
      "code": "+966",
      "name": "Saudi Arabia",
	  "DisplayName": "+966 - Saudi Arabia"
    },
    {
      "code": "+221",
      "name": "Senegal",
	  "DisplayName": "+221 - Senegal"
    },
    {
      "code": "+381",
      "name": "Serbia",
	  "DisplayName": "+381 - Serbia"
    },
    {
      "code": "+248",
      "name": "Seychelles",
	  "DisplayName": "+248 - Seychelles"
    },
    {
      "code": "+232",
      "name": "Sierra Leone",
	  "DisplayName": "+232 - Sierra Leone"
    },
    {
      "code": "+65",
      "name": "Singapore",
	   "DisplayName": "+65 - Singapore"
    },
    {
      "code": "+421",
      "name": "Slovakia",
	  "DisplayName": "+421 - Slovakia"
    },
    {
      "code": "+386",
      "name": "Slovenia",
	  "DisplayName": "+386 - Slovenia"
    },
    {
      "code": "+677",
      "name": "Solomon Islands",
	  "DisplayName": "+677 - Solomon Islands"
    },
    {
      "code": "+27",
      "name": "South Africa",
	  "DisplayName": "+27 - South Africa"
    },
    {
      "code": "+500",
      "name": "South Georgia and the South Sandwich Islands",
	  "DisplayName": "+500 - South Georgia and the South Sandwich Islands"
    },
    {
      "code": "+82",
      "name": "South Korea",
	  "DisplayName": "+82 - South Korea"
    },
    {
      "code": "+34",
      "name": "Spain",
	  "DisplayName": "+34 - Spain"
    },
    {
      "code": "+94",
      "name": "Sri Lanka",
	  "DisplayName": "+94 - Sri Lanka"
    },
    {
      "code": "+249",
      "name": "Sudan",
	  "DisplayName": "+249 - Sudan"
    },
    {
      "code": "+597",
      "name": "Suriname",
	  "DisplayName": "+597 - Suriname"
    },
    {
      "code": "+268",
      "name": "Swaziland",
	  "DisplayName": "+268 - Swaziland"
    },
    {
      "code": "+46",
      "name": "Sweden",
	  "DisplayName": "+46 - Sweden"
    },
    {
      "code": "+41",
      "name": "Switzerland",
	  "DisplayName": "+41 - Switzerland"
    },
    {
      "code": "+963",
      "name": "Syria",
	  "DisplayName": "+963 - Syria"
    },
    {
      "code": "+886",
      "name": "Taiwan",
	  "DisplayName": "+886 - Taiwan"
    },
    {
      "code": "+992",
      "name": "Tajikistan",
	   "DisplayName": "+992 - Tajikistan"
    },
    {
      "code": "+255",
      "name": "Tanzania",
	   "DisplayName": "+255 - Tanzania"
    },
    {
      "code": "+66",
      "name": "Thailand",
	   "DisplayName": "+66 - Thailand"
    },
    {
      "code": "+670",
      "name": "Timor Leste",
	   "DisplayName": "+670 - Timor Leste"
    },
    {
      "code": "+228",
      "name": "Togo",
	   "DisplayName": "+228 - Togo"
    },
    {
      "code": "+690",
      "name": "Tokelau",
	  "DisplayName": "+690 - Tokelau"
    },
    {
      "code": "+676",
      "name": "Tonga",
	  "DisplayName": "+676 - Tonga"
    },
    {
      "code": "+1868",
      "name": "Trinidad and Tobago",
	   "DisplayName": "+1868 - Trinidad and Tobago"
    },
    {
      "code": "+216",
      "name": "Tunisia",
	   "DisplayName": "+216 - Tunisia"
    },
    {
      "code": "+90",
      "name": "Turkey",
	  "DisplayName": "+90 - Turkey"
    },
    {
      "code": "+993",
      "name": "Turkmenistan",
	  "DisplayName": "+993 - Turkmenistan"
    },
    {
      "code": "+1649",
      "name": "Turks and Caicos Islands",
	   "DisplayName": "+1649 - Turks and Caicos Islands"
    },
    {
      "code": "+688",
      "name": "Tuvalu",
	  "DisplayName": "+688 - Tuvalu"
    },
    {
      "code": "+1340",
      "name": "U.S. Virgin Islands",
	  "DisplayName": "+1340 - U.S. Virgin Islands"
    },
    {
      "code": "+256",
      "name": "Uganda",
	  "DisplayName": "+256 - Uganda"
    },
    {
      "code": "+380",
      "name": "Ukraine",
	   "DisplayName": "+380 - Ukraine"
    },
    {
      "code": "+971",
      "name": "United Arab Emirates",
	  "DisplayName": "+971 - United Arab Emirates"
    },
    {
      "code": "+44",
      "name": "United Kingdom",
	  "DisplayName": "+44 - United Kingdom"
    },
    {
      "code": "+1",
      "name": "United States",
	  "DisplayName": "+1 - United States"
    },
    {
      "code": "+598",
      "name": "Uruguay",
	  "DisplayName": "+598 - Uruguay"
    },
    {
      "code": "+998",
      "name": "Uzbekistan",
	  "DisplayName": "+998 - Uzbekistan"
    },
    {
      "code": "+678",
      "name": "Vanuatu",
	  "DisplayName": "+678 - Vanuatu"
    },
    {
      "code": "+58",
      "name": "Venezuela",
	  "DisplayName": "+58 - Venezuela"
    },
    {
      "code": "+84",
      "name": "Vietnam",
	  "DisplayName": "+84 - Vietnam"
    },
    {
      "code": "+1808",
      "name": "Wake Island",
	  "DisplayName": "+1808 - Wake Island"
    },
    {
      "code": "+681",
      "name": "Wallis and Futuna",
	  "DisplayName": "+681 - Wallis and Futuna"
    },
    {
      "code": "+967",
      "name": "Yemen",
	  "DisplayName": "+967 - Yemen"
    },
    {
      "code": "+260",
      "name": "Zambia",
	  "DisplayName": "+260 - Zambia"
    },
    {
      "code": "+255",
      "name": "Zanzibar",
	  "DisplayName": "+255 - Zanzibar"
    },
    {
      "code": "+263",
      "name": "Zimbabwe",
	   "DisplayName": "+263 - Zimbabwe"
    }
  ]
}